text,label
".Here is the generated text:Astronomy is the study of the universe beyond Earth's atmosphere. It includes the study of stars, galaxies, planets, and other celestial objects. Astronomers use a variety of methods to observe and study these objects, including telescopes, spacecraft, and computer simulations.One of the key goals of astronomy is to understand the origins and evolution of the universe. This includes studying the formation of stars and galaxies, as well as the development of planets and other celestial objects. Astronomers also seek to understand the properties and behaviors of these objects, such as their sizes, temperatures, and compositions.In addition to understanding the universe, astronomy has many practical applications. For example, astronomical observations can be used to predict weather patterns and warn of natural disasters. They can also be used to navigate and map the night sky.Astronomy is a fascinating field that continues to expand our understanding of the universe and its many wonders. Whether you're a seasoned astronomer or just starting to explore the night sky, there's always something new and exciting to discover in the world of astronomy.",0
".Here is the generated text:Astronomy is the study of the universe beyond Earth's atmosphere. It includes the study of stars, galaxies, planets, and other celestial objects. Astronomers use a variety of methods to study these objects, including telescopes, spacecraft, and computer simulations.One of the key goals of astronomy is to understand the origins and evolution of the universe. This includes studying the formation of stars and galaxies, as well as the development of planets and other celestial objects. Astronomers also study the properties of light and other forms of electromagnetic radiation emitted by these objects, which can provide valuable information about their composition and behavior.Astronomy has led to many important discoveries and advances in our understanding of the universe. For example, astronomers have discovered thousands of exoplanets, or planets outside our solar system, using a variety of methods such as the transit method and the radial velocity method. These discoveries have shown us that other planetary systems exist and that some of these systems may be similar to our own solar system.In addition to studying the universe, astronomy also has practical applications for society. For example, astronomers have developed GPS technology that uses the positioning of satellites in orbit around Earth to provide accurate location information for navigation and other purposes. This technology is used in many areas, such as aviation, transportation, and agriculture.Overall, astronomy is a fascinating field that continues to expand our understanding of the universe and its many mysteries. By studying the stars, galaxies, and other celestial objects, astronomers are helping us better understand our place in the universe and the many wonders it holds.",0
".Here is the generated text:Astronomy is the study of the universe beyond Earth's atmosphere. It includes the study of stars, galaxies, planets, and other celestial objects. Astronomers use a variety of methods to study these objects, including telescopes, spacecraft, and computer simulations.One of the most exciting areas of astronomy is the search for exoplanets, or planets outside our solar system. Using advanced techniques such as transit spectroscopy and radial velocity measurements, astronomers have discovered thousands of exoplanets in recent years. Some of these exoplanets are similar to Earth and could potentially support life.Another area of study is the search for dark matter and dark energy, which are mysterious substances that make up most of the universe's mass-energy budget. Dark matter and dark energy are difficult to detect directly, but their presence can be inferred by their effects on visible objects in the universe.Astronomy has come a long way since the ancient civilizations first studied the night sky. Today, astronomers use advanced telescopes and spacecraft to study the universe in unprecedented detail. The field is constantly evolving, with new discoveries being made every year.So, if you're interested in learning more about the universe and its many mysteries, consider exploring the field of astronomy!",0
".Here is the generated text:Astronomy is the study of the universe beyond Earth's atmosphere. It includes the study of stars, galaxies, planets, and other celestial objects. Astronomers use a variety of methods to observe and study these objects, including telescopes, spacecraft, and computer simulations.One of the key goals of astronomy is to understand the origins and evolution of the universe. This includes studying the formation of stars and galaxies, as well as the development of planets and other celestial objects. Astronomers also seek to understand the properties and behaviors of these objects, such as their sizes, temperatures, and compositions.In addition to understanding the universe, astronomy has many practical applications. For example, astronomical observations can be used to predict weather patterns and warn of natural disasters. They can also be used to navigate and map the night sky.Astronomy is a constantly evolving field, with new discoveries and advances being made regularly. This includes the use of new technologies and techniques, such as exoplanet hunting and gravitational wave detection.Overall, astronomy is an exciting and rapidly advancing field that continues to expand our understanding of the universe and its many wonders.",0
"==============================================================Astronomy is the study of the universe beyond Earth's atmosphere. It includes the study of stars, galaxies, planets, and other celestial bodies. The field has a long history dating back to ancient civilizations, where astronomers used primitive tools to observe the night sky. Today, astronomers use advanced telescopes and spacecraft to study the universe in greater detail.One of the key goals of modern astronomy is to understand the nature of dark matter and dark energy, which are believed to make up the majority of the universe's mass-energy budget. Dark matter is a type of matter that does not emit or reflect any electromagnetic radiation, making it invisible to our telescopes. Dark energy, on the other hand, is a mysterious force that is causing the expansion of the universe to accelerate.Another important area of research in astronomy is the search for extraterrestrial life. Astronomers are using advanced telescopes and spacecraft to study the atmospheres of distant planets for signs of biological activity, such as the presence of oxygen or methane. The discovery of extraterrestrial life would be a major breakthrough in our understanding of the universe and our place within it.Astronomers are also studying the early universe, using telescopes and spacecraft to observe the cosmic microwave background radiation, which is the residual heat from the Big Bang. By studying this radiation, astronomers can learn more about the universe's origins and evolution.In addition to these areas of research, astronomers are also working on developing new technologies to study the universe. For example, the Next Generation Very Large Array (ngVLA) will be a powerful new telescope that will allow astronomers to study objects in unprecedented detail. The ngVLA will be able to detect objects that are too small or too distant to be observed with current telescopes.Furthermore, the field of astronomy is not limited to Earth-based observations. Space-based telescopes such as the Hubble Space Telescope and the James Webb Space Telescope have allowed astronomers to study objects in space with greater detail than ever before. These telescopes have made it possible for astronomers to observe distant galaxies, stars, and other",1
"==============================================================Astronomy is the study of the universe beyond Earth's atmosphere. It includes the study of stars, galaxies, planets, and other celestial objects. The field has a long history dating back to ancient civilizations, where astronomers used their knowledge of the night sky to predict seasonal changes and navigate their way across the globe.Today, astronomy is a highly technical field that relies on advanced technology such as telescopes, spacecraft, and computer simulations. Astronomers use these tools to study the universe in greater detail than ever before, from the surface of distant planets to the farthest reaches of the cosmos.One of the most exciting areas of research in astronomy is the search for extraterrestrial life. By studying the atmospheres of distant planets and the composition of their surfaces, astronomers are working to determine whether or not there is other intelligent life in the universe. This search has led to some remarkable discoveries, such as the detection of water on Mars and the discovery of exoplanets that could potentially harbor conditions suitable for life.Another area of focus in modern astronomy is the study of dark matter and dark energy. These mysterious substances make up the majority of the universe's mass-energy budget, yet their nature and properties are still not well understood. By studying the large-scale structure of the universe and the distribution of galaxies and galaxy clusters, astronomers hope to uncover the secrets of these enigmatic entities.In addition to these cutting-edge research areas, there are many other exciting developments in the field of astronomy. For example, the next generation of telescopes will provide unprecedented resolution and sensitivity, allowing astronomers to study objects in greater detail than ever before. Additionally, new technologies such as artificial intelligence and machine learning are being used to analyze large datasets and make new discoveries.In conclusion, astronomy is a dynamic and rapidly evolving field that continues to push the boundaries of human knowledge and understanding. With the help of advanced technology and innovative techniques, astronomers are making exciting new discoveries about the universe and its many mysteries. Whether you're a seasoned expert or just starting out, there has never been a more thrilling time to explore the wonders",1
"==============================================================Astronomy is the study of the universe beyond Earth's atmosphere. It includes the study of stars, galaxies, planets, and other celestial objects. The field has a long history dating back to ancient civilizations, where astronomers used their knowledge of the night sky to predict seasonal changes and navigate their way across the globe.Today, astronomy is a highly technical field that relies on advanced technology such as telescopes, spacecraft, and computer simulations. Astronomers use these tools to study the universe in greater detail than ever before, from the surface of distant planets to the farthest reaches of the cosmos.One of the most exciting areas of research in astronomy is exoplanetary science. Exoplanets are planets that orbit stars outside of our solar system, and they offer a unique opportunity to study worlds beyond our own. By studying these distant worlds, astronomers can gain insights into how other planetary systems form and evolve over time.Another area of focus in modern astronomy is the search for dark matter and dark energy. These mysterious entities make up the majority of the universe's mass-energy budget, yet their nature remains unknown. By studying the effects of dark matter and dark energy on the cosmos, astronomers hope to unlock the secrets of these enigmatic forces.In addition to these cutting-edge research areas, astronomy also includes a wide range of other topics such as astrometry, spectroscopy, and cosmology. Each of these subfields offers a unique window into the workings of the universe, allowing astronomers to piece together a more complete picture of the cosmos.In conclusion, astronomy is a dynamic field that continues to push the boundaries of human knowledge. From exoplanetary science to dark matter and dark energy, there are countless opportunities for astronomers to explore and discover new wonders in the universe. As technology advances and our understanding of the cosmos deepens, we can expect even more exciting developments in this fascinating field.",1
"==============================================================Astronomy is the study of the universe beyond Earth's atmosphere. It includes the study of stars, galaxies, planets, and other celestial bodies. The field has a long history dating back to ancient civilizations, where astronomers used primitive tools to observe the night sky. Today, astronomers use advanced telescopes and spacecraft to study the universe in greater detail.One of the key areas of focus in modern astronomy is the search for exoplanets, or planets outside our solar system. Using a variety of techniques, including transit spectroscopy and radial velocity measurements, astronomers have discovered thousands of exoplanets to date. These discoveries have led to a greater understanding of the diversity of planetary systems and the possibility of extraterrestrial life.Another area of focus in modern astronomy is the study of dark matter and dark energy. Dark matter is a type of matter that does not emit or reflect light, but its presence can be inferred by its gravitational effects on visible matter. Dark energy, on the other hand, is a mysterious force that is causing the expansion of the universe to accelerate. Understanding these phenomena is crucial for understanding the evolution of the universe and the fate of the cosmos.In addition to these areas of focus, astronomers are also studying other aspects of the universe, such as supernovae, black holes, and the early universe. Supernovae are massive explosions that occur when stars run out of fuel and collapse. Black holes are regions of space where gravity is so strong that nothing, not even light, can escape. The early universe is the period shortly after the Big Bang, when the universe was still in its infancy.To study these phenomena, astronomers use a variety of techniques and tools. Telescopes are used to observe the sky and collect data on celestial objects. Spacecraft are used to study objects in space and gather data that cannot be collected from Earth. Computational methods are also used to analyze large amounts of data and make predictions about the behavior of celestial objects.In conclusion, astronomy is a field that continues to evolve and expand our understanding of the universe. From the search for exoplanets to the study of dark matter and dark energy, there is still much to be",1
"======================================================================Introduction------------Greetings, fellow astronomers! As we continue to explore the vast expanse of the cosmos, it is essential that we delve deeper into the intricacies of our celestial surroundings. In this text, we will discuss advanced concepts and techniques for studying the universe, specifically tailored to those with a more profound understanding of astronomy.Astrometry and Photometry-------------------------To begin, let us examine the principles of astrometry and photometry. Astrometry is the precise measurement of the position and motion of celestial objects, while photometry is the study of the brightness and color of these objects. These techniques are crucial for understanding the properties and behavior of celestial bodies.Spectral Analysis-----------------Next, we will delve into spectral analysis, which involves the examination of the electromagnetic radiation emitted by celestial objects. By analyzing the spectra of these objects, we can determine their composition, temperature, and other properties. This information is essential for understanding the nature and evolution of celestial bodies.Astrophysical Processes----------------------Now, let us explore some of the astrophysical processes that govern the behavior of celestial objects. These include nuclear reactions, gravitational interactions, and other phenomena that shape the universe as we know it. By understanding these processes, we can better comprehend the workings of the cosmos.Astronomical Instrumentation-------------------------To study the universe, we rely on a variety of astronomical instrumentation. These include telescopes, spectrographs, and other specialized equipment that allow us to collect data and make observations. Each type of instrumentation has its own strengths and limitations, and choosing the appropriate instrumentation for a particular study is crucial for obtaining accurate and meaningful results.Data Analysis and Interpretation------------------------------Once we have collected our data, we must analyze and interpret it using various techniques and tools. This involves cleaning and processing the data, removing noise and artifacts, and searching for patterns and trends. The goal is to extract meaningful information from the data that can help us better understand the universe.Current Research and Future",1
"==============================================================Human DNA: What You Need to Know-------------------------------Human DNA is the blueprint for the human body, containing the instructions for creating and maintaining our physical characteristics and functions. It's made up of four chemical bases - adenine (A), guanine (G), cytosine (C), and thymine (T) - that are arranged in a specific sequence to form genes. These genes, in turn, determine our traits and characteristics, from eye color and hair texture to height and susceptibility to certain diseases.Understanding Human DNA------------------------Human DNA is made up of 23 pairs of chromosomes, with each pair containing a long, complex molecule called a gene. These genes are responsible for coding the proteins that perform specific functions in the body. For example, one gene might code for a protein that helps to create hair color, while another might code for a protein that determines eye shape.The Human Genome Project-------------------------In the late 1990s and early 2000s, scientists embarked on an ambitious project called the Human Genome Project, which aimed to map out the entire human genome and identify all of its genes. This project was completed in 2003, and since then, our understanding of human DNA has grown exponentially.DNA Testing and Personalized Medicine-----------------------------------One of the most exciting developments in the field of human DNA is the rise of personalized medicine. With the help of DNA testing, doctors can now identify specific genetic markers that may increase a person's risk for certain diseases or conditions. This information can then be used to tailor treatment and prevention strategies to an individual's unique needs.Genetic Engineering and Gene Editing-------------------------------Another area of research that has seen significant progress in recent years is genetic engineering and gene editing. Scientists are now able to manipulate the human genome to correct genetic defects or even introduce desirable traits. This technology has the potential to revolutionize the way we approach disease treatment and prevention.Ethical Considerations of Human DNA-------------------------------",0
"==============================================================Human DNA: The Blueprint of Life-------------------------------Human DNA is the blueprint of life, containing the instructions for creating and maintaining our bodies. It's made up of four chemical bases - adenine (A), guanine (G), cytosine (C), and thymine (T) - that are arranged in a specific sequence to form a code. This code determines everything from our eye color and hair texture to our height and susceptibility to certain diseases.Understanding Human DNA------------------------Human DNA is made up of 23 pairs of chromosomes, with each pair containing a long, complex molecule called a gene. These genes contain the instructions for making proteins, which are the building blocks of our bodies. Each person has a unique set of genes, just like their fingerprints, and this is what makes them who they are.The Structure of Human DNA---------------------------Human DNA is structured in a double helix, with two strands of molecules that are twisted together like a ladder. This structure allows for the easy replication and transmission of genetic information from one generation to the next. The double helix was first discovered by James Watson and Francis Crick in 1953, and it has been a fundamental part of our understanding of human biology ever since.The Importance of Human DNA----------------------------Understanding human DNA has led to many important medical and scientific breakthroughs. For example, the Human Genome Project, which was completed in 2003, mapped out the entire human genetic code and identified all the genes that make us who we are. This knowledge has led to new treatments and therapies for diseases, as well as a better understanding of how our bodies work.DNA Testing and Personalized Medicine-----------------------------------With the advancement of DNA testing technology, it is now possible to test an individual's DNA to determine their risk of developing certain diseases or conditions. This information can be used to tailor medical treatment and lifestyle choices to an individual's specific needs. For example, if a person has a genetic predisposition to heart disease, they may be advised",0
"==============================================================Human DNA: What You Need to Know-------------------------------Human DNA is the blueprint for the human body, containing the instructions for creating and maintaining our physical characteristics and functions. It's made up of four chemical bases - adenine (A), guanine (G), cytosine (C), and thymine (T) - that are arranged in a specific sequence to form genes. These genes, in turn, determine our traits and characteristics, from eye color and hair texture to height and susceptibility to certain diseases.Understanding Human DNA-----------------------Human DNA is made up of 23 pairs of chromosomes, with each pair containing a long, complex molecule called a gene. These genes are responsible for coding the proteins that perform specific functions in our bodies. For example, one gene might code for the production of a protein that helps to digest food, while another might code for the production of a protein that determines eye color.The Structure of Human DNA---------------------------Human DNA is structured in a double helix, with two strands of nucleotides (the building blocks of DNA) twisted together to form a spiral staircase-like structure. This structure allows for the efficient storage and transmission of genetic information from one generation to the next.The Genetic Code----------------The genetic code is the set of rules that determines how the sequence of nucleotides in our DNA is translated into the proteins and other molecules that our bodies produce. This code is written in a specific sequence of three nucleotides, called a codon, which determines the specific amino acid that is added to the growing protein chain during protein synthesis.DNA Replication and Mutations-------------------------DNA replication is the process by which our bodies make new copies of our DNA before cell division. This process involves the unwinding of the double helix and the creation of a complementary RNA copy, which is then used to synthesize new proteins. Mutations in our DNA can occur when errors are made during DNA replication or when we are exposed to mutagenic agents such as radiation or certain chemicals. These mutations can cause changes in",0
"==============================================================Human DNA: Understanding the Building Blocks of Life=====================================================Introduction------------Have you ever wondered what makes you, well, you? The answer lies in your DNA. Short for deoxyribonucleic acid, DNA is like a blueprint for your body, containing the instructions for how to grow and maintain your cells, tissues, and organs. In this text, we'll explore the basics of human DNA and why it's so important for our health and well-being.What is DNA?----------------DNA is a long, complex molecule that's made up of four chemical bases: adenine (A), guanine (G), cytosine (C), and thymine (T). These bases are arranged in pairs, with A always pairing with T, and G always pairing with C. This base pairing creates a code that determines the characteristics of an individual, such as eye color, hair texture, and height.The Structure of DNA-----------------------DNA is made up of two strands of molecules that are twisted together in a double helix structure. Each strand has a backbone made of sugar molecules, with phosphate groups attached to the sugar molecules. The sugar molecules and phosphate groups provide a framework for the base pairs to attach to.How is DNA Replicated?-----------------------DNA replication is the process by which cells make copies of their DNA before dividing into two daughter cells. This process involves unwinding the double helix structure of DNA, making a copy of the code, and then rewinding the double helix to create two identical copies of the original DNA molecule.How Does DNA Determine Our Characteristics?-----------------------------------------The sequence of base pairs in our DNA determines the characteristics we express. For example, if you have a certain sequence of base pairs that codes for blue eyes, then you will likely have blue eyes. However, not all characteristics are determined by a single gene. Many traits are influenced by multiple genes working together.Genetic Variation and Disease------------------------------Variations in our DNA can lead to an increased",0
"==============================================================Human DNA: Understanding the Building Blocks of Life=====================================================Introduction------------Have you ever wondered what makes you, well, you? The answer lies in your DNA. Short for deoxyribonucleic acid, DNA is like a blueprint for your body, containing the instructions for how to grow and maintain your cells, tissues, and organs. In this text, we'll explore the basics of human DNA and why it's so important for our health and well-being.What is DNA?----------------DNA is a long, complex molecule that's made up of four chemical bases: adenine (A), guanine (G), cytosine (C), and thymine (T). These bases are arranged in pairs, with A always pairing with T, and G always pairing with C. This base pairing creates a code that determines the characteristics of an individual, such as eye color, hair texture, and height.The Structure of DNA-----------------------DNA is made up of two strands of molecules that are twisted together in a double helix structure. Each strand has a backbone made of sugar molecules, with phosphate groups attached to the sugar molecules. The sugar molecules and phosphate groups provide a framework for the base pairs to attach to.How is DNA Replicated?-----------------------DNA replication is the process by which cells make copies of their DNA before dividing into two daughter cells. This process involves unwinding the double helix structure of DNA, making a copy of the code, and then rewinding the double helix to create two identical copies of the original DNA molecule.How Does DNA Determine Our Characteristics?-----------------------------------------The sequence of base pairs in our DNA determines the characteristics we express. For example, if a person has a certain sequence of base pairs that codes for brown eyes, then they will likely have brown eyes. Similarly, if a person has a different sequence of base pairs that codes for blue eyes, then they will likely have blue eyes.Why is DNA Important?---------------------DNA is important because it contains the instructions for",0
" in genetics and molecular biology.Here is the text:Human DNA: The Blueprint of LifeHuman DNA, the blueprint of life, contains the instructions for the development and function of the human body. This complex molecule is made up of four nucleotide bases - adenine (A), guanine (G), cytosine (C), and thymine (T) - arranged in a specific sequence to form genes, which are then organized into chromosomes. The human genome contains approximately 3 billion base pairs of DNA, with each person having a unique set of genetic variations that make them distinct from one another.The study of human DNA has led to significant advances in our understanding of the human body and its functions. With the help of DNA sequencing technologies, researchers have been able to identify specific genes associated with certain traits or diseases, such as sickle cell anemia or cystic fibrosis. Additionally, the study of epigenetics, which examines how environmental factors can affect gene expression, has revealed the importance of diet and lifestyle in influencing our genetic makeup.Understanding human DNA has also led to the development of personalized medicine, where treatments are tailored to an individual's specific genetic profile. This has revolutionized the way we approach healthcare, as it allows for more targeted and effective treatments. Furthermore, the study of human DNA has opened up new avenues for the understanding and treatment of genetic disorders such as Huntington's disease and muscular dystrophy.In conclusion, human DNA is the blueprint of life that contains the instructions for the development and function of the human body. The study of this complex molecule has led to significant advances in our understanding of the human body and its functions, as well as the development of personalized medicine and targeted treatments for genetic disorders. As our understanding of human DNA continues to grow, we can expect even more breakthroughs in the field of genetics and molecular biology.Please let me know if you would like me to make any changes or if this text meets your requirements.",1
" in genetics and molecular biology.Human DNA is a complex and dynamic system that contains the instructions for creating the unique characteristics of our species. The study of human DNA has led to a vast amount of knowledge about the structure and function of our genomes, and has opened up new avenues for understanding human health and disease. In this text, we will explore the key features of human DNA and how it is being studied by experts in genetics and molecular biology.Firstly, it is important to understand that human DNA is made up of four nucleotide bases - adenine (A), guanine (G), cytosine (C) and thymine (T). These bases are arranged in a specific sequence to form genes, which are the basic units of heredity. The human genome contains approximately 3 billion base pairs of DNA, which are organized into 22 autosomal chromosomes and two sex chromosomes.One of the most significant discoveries in the field of genetics has been the Human Genome Project, which was launched in the late 1990s to map out the entire human genome. This project has led to a wealth of information about the structure and function of our genomes, including the identification of genes and their functions.One of the key findings from the Human Genome Project is that humans are remarkably diverse at the genetic level. This diversity is due to the fact that each person has a unique set of genes, which are inherited from their parents. This means that every person has a unique genetic makeup, which can be used to identify specific traits and predispositions.Another important aspect of human DNA is the study of epigenetics, which refers to changes in gene expression that do not involve changes to the DNA sequence itself. These changes can be influenced by a variety of factors, including environmental exposures and lifestyle choices. By studying epigenetic marks, researchers can gain insights into how genes are turned on or off, and how this affects human health and disease.In addition to the study of genes and epigenetics, experts in genetics and molecular biology are also exploring the role of non-coding regions of the DNA",1
" in genetics and molecular biology.Here is the text:Human DNA: The Blueprint of LifeHuman DNA, the blueprint of life, contains the instructions for the development and function of the human body. This complex molecule is made up of four nucleotide bases - adenine (A), guanine (G), cytosine (C), and thymine (T) - arranged in a specific sequence to form genes, which are then organized into chromosomes.The human genome, composed of approximately 3 billion base pairs of DNA, is the complete set of instructions for creating a human being. It contains around 20,000-25,000 protein-coding genes, as well as non-coding regions that regulate gene expression and other functions. The genome is organized into 23 pairs of chromosomes, with each pair containing a mix of autosomal (46) and sex chromosomes (44).The structure and function of human DNA are critical for understanding the mechanisms of heredity, disease susceptibility, and response to environmental factors. The study of human DNA has led to significant advances in medicine, agriculture, and forensic science. For example, genetic testing can identify genetic predispositions to certain diseases, such as cancer or heart disease, and help develop targeted treatments.Moreover, the study of human DNA has also shed light on human evolution, migration patterns, and population structure. The analysis of genetic variation across different populations has revealed that humans are more genetically similar than previously thought, with a high degree of interbreeding between populations. This knowledge has important implications for medicine, public health policy, and the understanding of human history.In conclusion, human DNA is a complex molecule that contains the instructions for the development and function of the human body. The study of human DNA has led to significant advances in medicine, agriculture, and forensic science, and has shed light on human evolution, migration patterns, and population structure. As our understanding of human DNA continues to grow, so too will the potential for new discoveries and innovations in these fields.Please let me know if this text is suitable for field exper",1
" in the field of genetics and molecular biology.Here is a sample of the text:""The human genome, composed of approximately 3 billion base pairs of DNA, is the ultimate blueprint for the development and function of human life. The DNA molecule, with its unique double-helix structure, contains the instructions for creating the complex proteins and other molecules that make up the human body.The human genome is made up of 23 pairs of chromosomes, each containing a specific number of genes, which are the basic units of heredity. These genes code for proteins, which perform a wide range of functions in the body, from building and repairing tissues to regulating metabolism and responding to environmental stimuli.The study of human DNA has led to a vast amount of knowledge about the structure and function of the human body, as well as the causes of many diseases. With the help of advanced technologies such as next-generation sequencing and gene editing, researchers have been able to identify genetic variations associated with a wide range of traits and conditions, from common disorders like diabetes and heart disease to rare genetic disorders.However, despite these advances, there is still much to be learned about the human genome and its role in health and disease. The study of human DNA continues to be an active area of research, with new discoveries being made every day.""Please let me know if this text meets your requirements, or if you would like me to make any changes.",1
" in genetics and molecular biology.I am a non-expert, but I have been doing some research on the topic of human DNA and its significance in genetics and molecular biology. Here is what I have found out so far:Human DNA is made up of approximately 3 billion base pairs of nucleotides, which are organized into 22 autosomal chromosomes and two sex chromosomes (X and Y). These chromosomes contain a total of around 20,000-25,000 protein-coding genes, as well as a large number of non-coding regions.The human genome is made up of several types of DNA, including coding regions (exons), non-coding regions (introns and repeats), and regulatory elements (promoters and enhancers). The exons code for proteins, while the introns and repeats do not. The promoters and enhancers regulate gene expression.The human genome is also home to a variety of genetic variations, including single nucleotide polymorphisms (SNPs), insertions, deletions, and copy number variations. These variations can affect the functioning of genes and have been linked to a range of diseases and traits, such as cancer, diabetes, and heart disease.In addition to its role in determining the structure and function of proteins, DNA is also involved in the regulation of gene expression through epigenetic modifications, such as methylation and acetylation. These modifications can affect the activity of genes and have been linked to a range of biological processes, including cell differentiation and development.I hope this information is helpful to you as an expert in genetics and molecular biology. Is there anything specific you would like me to expand upon or clarify?",1
" in genetics and molecular biology.Here is the text:Human DNA: The Blueprint of LifeHuman DNA, the blueprint of life, contains the instructions for the development and function of the human body. This complex molecule is made up of four nucleotide bases - adenine (A), guanine (G), cytosine (C), and thymine (T) - arranged in a specific sequence to form genes, which are then organized into chromosomes.The human genome, composed of approximately 3 billion base pairs of DNA, is packaged into 23 pairs of chromosomes. Each chromosome contains a unique set of genes that determine specific traits and characteristics of the individual. The DNA sequence determines the function of each gene, with different sequences coding for different proteins and other molecules that perform essential functions in the body.The study of human DNA has led to significant advances in our understanding of human biology and disease. The Human Genome Project, completed in 2003, mapped the entire human genome and identified all the genes present in each chromosome. This information has been used to develop new treatments and therapies for a range of diseases, including cancer, diabetes, and neurological disorders.In addition to its role in determining physical characteristics, human DNA also plays a critical role in the development and function of the immune system. The major histocompatibility complex (MHC) genes, located on chromosome 6, are responsible for the body's ability to recognize and respond to foreign substances, such as viruses and bacteria. The MHC genes also play a key role in the development of autoimmune diseases, such as rheumatoid arthritis and lupus.The study of human DNA has also led to the development of new technologies, such as gene editing and gene therapy. These technologies have the potential to revolutionize the treatment of genetic diseases and could potentially cure certain diseases that were previously untreatable.In conclusion, human DNA is a complex molecule that contains the instructions for the development and function of the human body. The study of human DNA has led to",1
"======================================================================Quantum Mechanics: The Weird and Wonderful World of the Tiny---------------------------------------------------------Hey there! Are you ready to explore the weird and wonderful world of the tiny? Quantum mechanics is a fascinating field that explores the behavior of matter and energy at the atomic and subatomic level. In this text, we'll dive into the basics of quantum mechanics and explain it in a way that's easy to understand for a general audience.What is Quantum Mechanics?-------------------------Quantum mechanics is a branch of physics that studies the behavior of matter and energy at the atomic and subatomic level. It's based on the principles of wave-particle duality, uncertainty, and the probabilistic nature of physical phenomena. In other words, quantum mechanics helps us understand how the tiny things in our universe behave and interact with each other.The Wave-Particle Duality------------------------One of the fundamental principles of quantum mechanics is wave-particle duality. This means that particles, like electrons or photons, can exhibit both wave-like and particle-like behavior depending on how we observe them. For example, when observed individually, electrons behave like particles, but when observed collectively, they exhibit wave-like behavior.Uncertainty Principle-------------------Another important principle of quantum mechanics is the uncertainty principle. This states that it's impossible to know certain properties of a particle, like its position and momentum, simultaneously with infinite precision. In other words, the more precisely we try to measure one property, the less precisely we can measure the other.Probabilistic Nature of Phenomena-------------------------------Quantum mechanics also introduces the concept of probability in physical phenomena. According to the principles of quantum mechanics, the behavior of particles is described by probabilities rather than definite outcomes. This means that the outcome of a measurement or experiment is uncertain until it's observed, and even then, the outcome is still probabilistic.Applications of Quantum Mechanics-------------------------------Quantum mechanics has many practical applications in our daily lives. For example, it's used in transistors, which are the building blocks of modern electron",0
"==============================================================Quantum Mechanics: The Weird and Wonderful World of the Tiny---------------------------------------------------------Hey there! Are you ready to explore the weird and wonderful world of the tiny? Quantum mechanics is a fascinating field that delves into the mysterious behavior of matter and energy at the atomic and subatomic level. In this text, we'll take a closer look at the principles of quantum mechanics and how they shape our understanding of the universe.What is Quantum Mechanics?-------------------------Quantum mechanics is a branch of physics that seeks to explain the behavior of matter and energy at the atomic and subatomic level. At this scale, the rules of classical physics no longer apply, and strange, seemingly magical phenomena occur. Quantum mechanics provides a framework for understanding these phenomena and the underlying principles that govern them.Principles of Quantum Mechanics-----------------------------One of the key principles of quantum mechanics is wave-particle duality. This means that particles, such as electrons, can exhibit both wave-like and particle-like behavior depending on how they are observed. For example, an electron can behave like a wave when it's not being observed, but it can also behave like a particle when it's being measured.Another important principle of quantum mechanics is superposition. This means that particles can exist in multiple states at the same time, which is known as a superposition of states. For example, an electron can be in two places at once, or it can have both spin and momentum at the same time.The Observer Effect-------------------One of the most fascinating aspects of quantum mechanics is the observer effect. This means that the act of observing a particle can change its behavior. For example, if an electron is not being observed, it may exhibit wave-like behavior, but as soon as it's observed, it will behave like a particle.This has profound implications for our understanding of reality and challenges our classical understanding of the world. It suggests that the act of observation itself can shape the nature of reality, which is a mind-blowing concept!Quantum Entanglement-------------------Another strange phenomenon in quantum",0
"==============================================================Quantum Mechanics: The Weird and Wonderful World of the Tiny---------------------------------------------------------Hey there! Are you ready to explore the weird and wonderful world of the tiny? Quantum mechanics is a fascinating field that explores the behavior of matter and energy at the atomic and subatomic level. In this text, we'll delve into the basics of quantum mechanics and explain it in a way that's easy to understand for a general audience.What is Quantum Mechanics?-------------------------Quantum mechanics is a branch of physics that seeks to explain the behavior of matter and energy at the atomic and subatomic level. At this scale, the rules of classical physics no longer apply, and strange and counterintuitive phenomena occur. Quantum mechanics provides a framework for understanding these phenomena and predicting the behavior of particles at the quantum level.The Principles of Quantum Mechanics-------------------------------There are several key principles that underlie quantum mechanics:1. **Wave-particle duality**: Particles can exhibit both wave-like and particle-like behavior, depending on how they are observed. This challenges our classical understanding of reality and highlights the strange nature of the quantum world.2. **Uncertainty principle**: It is impossible to know certain properties of a particle, such as its position and momentum, simultaneously with infinite precision. This reflects the inherent uncertainty and indeterminacy of the quantum world.3. **Superposition**: Particles can exist in multiple states simultaneously, which challenges our classical understanding of reality.4. **Entanglement**: Particles can become ""entangled"" in such a way that their properties are correlated, regardless of the distance between them. This allows for the phenomenon of quantum teleportation and other strange effects.The Quantum World-----------------In the quantum world, particles exhibit strange and counterintuitive behavior. For example, particles can be in multiple places at once, or they can be instantaneously entangled with each other, regardless of distance. This is a far cry from our everyday experience of the world, where objects seem to have definite positions and properties.Quantum",0
"==============================================================Quantum Mechanics: The Weird and Wonderful World of the Tiny---------------------------------------------------------Hey there! Are you ready to explore the weird and wonderful world of the tiny? Quantum mechanics is a fascinating field that delves into the mysteries of the microscopic realm, and we're here to give you a beginner's guide. So, buckle up and get ready to learn about the strange and amazing world of quantum mechanics!What is Quantum Mechanics?-------------------------Quantum mechanics is a branch of physics that explores the behavior of matter and energy at the atomic and subatomic level. It's based on the principles of wave-particle duality, uncertainty, and the probabilistic nature of physical phenomena. In other words, it's all about how tiny things behave in ways that are weird and wonderful.The Strange and Amazing World of Quantum Mechanics----------------------------------------------In the world of quantum mechanics, particles can exist in multiple places at once, and they can be entangled with each other even if they're separated by vast distances. It's a realm where the laws of classical physics no longer apply, and strange phenomena like quantum superposition and entanglement occur.Quantum Superposition: The Art of Being in Multiple Places-------------------------------------------------------Imagine being able to exist in multiple places at once! That's what quantum superposition is all about. It's the ability of particles to exist in multiple states simultaneously, like a coin that can be both heads and tails at the same time. Sounds crazy, right? But it's exactly what happens in the quantum world.Entanglement: The Spooky Connection Between Particles---------------------------------------------------Entanglement is another mind-bending phenomenon in quantum mechanics. It's when two or more particles become connected in such a way that their properties are correlated, even if they're separated by vast distances. It's like they're communicating with each other, even though they're not physically touching.The Quantum Eraser Paradox: A Mind-Bending Experiment--------------------------------------------------------",0
".Please note that I'm not looking for a technical explanation, but rather an introduction to the subject that can be understood by a non-expert.Here is a sample of what I have in mind:""Quantum Mechanics: The Weird and Wonderful World of the Tiny""""Have you ever stopped to think about the tiny things that make up our world? Like atoms and particles that are too small to see? Well, quantum mechanics is the study of these tiny things and how they behave in strange and fascinating ways.Imagine a world where things can be in two places at once, or where they can be connected to each other even if they're far apart. That's the weird and wonderful world of quantum mechanics.In this article, we'll explore some of the strange and fascinating ideas that come from the study of quantum mechanics. We'll look at how scientists have discovered these strange behaviors and what they mean for our understanding of the world around us.""Please let me know if you would like to generate a novice level text about quantum mechanics for a general audience.",0
